<model>
<id>demo</id>
<namespace>http://www.demo.swb#</namespace>
<title>demo</title>
<description>Sitio de demostración de SWBProcess</description>
<model>
<type>http://www.semanticwebbuilder.org/swb4/ontology#UserRepository</type>
<id>demo_usr</id>
<namespace>http://user.demo.swb#</namespace>
<title>Repositorio de usuarios(demo)</title>
<description>null</description>
</model>
<model>
<type>http://www.semanticwebbuilder.org/swb4/repository#Workspace</type>
<id>demo_rep</id>
<namespace>http://repository.demo.swb#</namespace>
<title>Repositorio de documentos(demo)</title>
<description>null</description>
</model>
</model>